{"stats":{"minecraft:killed":{"minecraft:ghast":1,"minecraft:skeleton_horse":2},"minecraft:custom":{"minecraft:mob_kills":8,"minecraft:eat_cake_slice":1,"minecraft:leave_game":1,"minecraft:time_since_death":0,"minecraft:time_since_rest":113,"minecraft:sprint_one_cm":82830,"minecraft:open_enderchest":1,"minecraft:damage_taken":3433,"minecraft:walk_one_cm":221314,"minecraft:drop":87,"minecraft:damage_dealt":1526,"minecraft:talked_to_villager":1,"minecraft:fly_one_cm":135987,"minecraft:player_kills":3,"minecraft:open_chest":10,"minecraft:crouch_one_cm":454,"minecraft:play_time":39652,"minecraft:deaths":9,"minecraft:sneak_time":325,"minecraft:walk_under_water_one_cm":45,"minecraft:jump":598,"minecraft:walk_on_water_one_cm":570,"minecraft:total_world_time":39652,"minecraft:fall_one_cm":8612,"minecraft:horse_one_cm":33},"minecraft:dropped":{"minecraft:bread":1,"minecraft:porkchop":1,"minecraft:lever":1,"minecraft:cooked_beef":64,"minecraft:nether_wart":3,"minecraft:golden_pickaxe":2,"lucky:lucky_block":1,"minecraft:nether_star":2,"minecraft:bowl":1,"minecraft:bookshelf":3,"minecraft:prismarine_crystals":1,"minecraft:book":4,"minecraft:ender_eye":5,"minecraft:cooked_mutton":1,"minecraft:salmon":3,"minecraft:rabbit_hide":1,"minecraft:dirt":118,"minecraft:mutton":1,"minecraft:quartz_block":11,"minecraft:quartz_stairs":7,"minecraft:jack_o_lantern":14,"minecraft:golden_sword":1,"minecraft:gold_nugget":3,"minecraft:wooden_sword":1,"minecraft:wither_rose":1,"minecraft:pumpkin":10,"minecraft:golden_hoe":1,"minecraft:rabbit_stew":7,"minecraft:beef":1,"minecraft:nether_quartz_ore":25,"minecraft:quartz":27,"lucky:lucky_sword":3,"minecraft:cooked_rabbit":1,"minecraft:gold_ingot":4,"minecraft:quartz_slab":7,"minecraft:bone":5},"minecraft:used":{"minecraft:ender_pearl":4,"minecraft:cooked_salmon":1,"minecraft:cooked_chicken":2,"minecraft:dirt":86,"minecraft:milk_bucket":1,"minecraft:obsidian":14,"lucky:lucky_block":33,"minecraft:rabbit_stew":1,"minecraft:diamond_sword":37,"minecraft:bow":8,"minecraft:hay_block":9,"minecraft:chainmail_boots":1,"minecraft:bucket":1,"minecraft:cooked_beef":6,"minecraft:diamond_leggings":1,"minecraft:jukebox":1,"minecraft:chainmail_leggings":1},"minecraft:mined":{"minecraft:slime_block":3,"minecraft:hay_block":1,"minecraft:dirt":1,"lucky:lucky_block":48},"minecraft:picked_up":{"minecraft:magma_cream":2,"minecraft:water_bucket":2,"minecraft:cooked_beef":244,"minecraft:chainmail_boots":3,"minecraft:chicken":24,"minecraft:nether_wart":4,"minecraft:prismarine_shard":2,"minecraft:salmon":42,"minecraft:rabbit_stew":9,"minecraft:golden_pickaxe":2,"minecraft:diamond_sword":8,"minecraft:potato":74,"minecraft:cooked_rabbit":3,"minecraft:wither_rose":1,"minecraft:diamond_horse_armor":2,"minecraft:golden_sword":1,"minecraft:lapis_lazuli":2,"minecraft:string":2,"minecraft:dirt":660,"lucky:lucky_bow":2,"lucky:lucky_potion":13,"minecraft:cooked_salmon":5,"minecraft:wooden_sword":3,"minecraft:leather_boots":1,"minecraft:cooked_mutton":3,"minecraft:quartz_slab":11,"minecraft:bone":16,"minecraft:apple":2,"minecraft:bow":2,"minecraft:diamond_leggings":2,"minecraft:gold_nugget":5,"lucky:lucky_sword":5,"minecraft:rabbit_hide":1,"minecraft:beef":1,"minecraft:iron_ingot":66,"minecraft:stone_pickaxe":1,"minecraft:cooked_chicken":5,"minecraft:ender_eye":13,"minecraft:glass_bottle":2,"minecraft:quartz_stairs":16,"minecraft:book":18,"minecraft:ghast_tear":3,"minecraft:milk_bucket":1,"minecraft:stick":2,"minecraft:nether_quartz_ore":47,"minecraft:cooked_porkchop":6,"minecraft:jukebox":1,"minecraft:pumpkin":10,"minecraft:quartz":72,"minecraft:poisonous_potato":16,"minecraft:lava_bucket":1,"minecraft:porkchop":1,"minecraft:fermented_spider_eye":2,"minecraft:spider_eye":2,"minecraft:rabbit_foot":3,"minecraft:iron_horse_armor":2,"minecraft:prismarine_crystals":2,"minecraft:arrow":42,"minecraft:quartz_block":33,"minecraft:music_disc_mall":2,"minecraft:diamond":59,"minecraft:blaze_powder":1,"minecraft:golden_hoe":1,"minecraft:music_disc_ward":1,"minecraft:lever":2,"minecraft:chainmail_leggings":3,"minecraft:hay_block":13,"minecraft:glistering_melon_slice":3,"minecraft:golden_horse_armor":2,"minecraft:bread":1,"minecraft:bookshelf":15,"minecraft:gold_ingot":53,"minecraft:emerald":54,"minecraft:blaze_rod":3,"minecraft:baked_potato":32,"minecraft:jack_o_lantern":14,"minecraft:mutton":1,"minecraft:obsidian":14,"minecraft:nether_star":3,"minecraft:ender_pearl":25},"minecraft:killed_by":{"minecraft:player":1,"minecraft:skeleton":2,"minecraft:creeper":1,"minecraft:zombie":2,"minecraft:wither":1}},"DataVersion":3465}