{"stats":{"minecraft:killed":{"minecraft:skeleton_horse":1},"minecraft:custom":{"minecraft:mob_kills":6,"minecraft:eat_cake_slice":1,"minecraft:time_since_death":6669,"minecraft:time_since_rest":6719,"minecraft:sprint_one_cm":53420,"minecraft:damage_taken":2138,"minecraft:walk_one_cm":157111,"minecraft:drop":48,"minecraft:damage_dealt":1286,"minecraft:fly_one_cm":86074,"minecraft:player_kills":1,"minecraft:open_chest":9,"minecraft:crouch_one_cm":134,"minecraft:play_time":25268,"minecraft:deaths":4,"minecraft:sneak_time":209,"minecraft:jump":388,"minecraft:total_world_time":25268,"minecraft:fall_one_cm":5687,"minecraft:horse_one_cm":33},"minecraft:dropped":{"minecraft:cooked_beef":64,"minecraft:nether_wart":1,"minecraft:golden_pickaxe":1,"minecraft:bowl":1,"minecraft:prismarine_crystals":1,"minecraft:book":4,"minecraft:rabbit_hide":1,"minecraft:dirt":23,"minecraft:jack_o_lantern":14,"minecraft:golden_sword":1,"minecraft:wooden_sword":1,"minecraft:wither_rose":1,"minecraft:pumpkin":10,"minecraft:golden_hoe":1,"minecraft:rabbit_stew":5,"lucky:lucky_sword":2,"minecraft:cooked_rabbit":1,"minecraft:bone":1},"minecraft:used":{"minecraft:ender_pearl":1,"minecraft:cooked_salmon":1,"minecraft:cooked_chicken":2,"minecraft:dirt":62,"minecraft:obsidian":14,"lucky:lucky_block":26,"minecraft:rabbit_stew":1,"minecraft:diamond_sword":31,"minecraft:hay_block":9,"minecraft:chainmail_boots":1,"minecraft:cooked_beef":5,"minecraft:jukebox":1,"minecraft:chainmail_leggings":1},"minecraft:mined":{"minecraft:slime_block":3,"minecraft:hay_block":1,"minecraft:dirt":1,"lucky:lucky_block":23},"minecraft:picked_up":{"minecraft:cooked_beef":129,"minecraft:chainmail_boots":1,"minecraft:chicken":24,"minecraft:nether_wart":1,"minecraft:prismarine_shard":2,"minecraft:salmon":39,"minecraft:rabbit_stew":6,"minecraft:golden_pickaxe":1,"minecraft:diamond_sword":5,"minecraft:cooked_rabbit":1,"minecraft:wither_rose":1,"minecraft:golden_sword":1,"minecraft:dirt":100,"minecraft:cooked_salmon":5,"minecraft:wooden_sword":3,"minecraft:cooked_mutton":2,"minecraft:bone":10,"lucky:lucky_sword":4,"minecraft:rabbit_hide":1,"minecraft:iron_ingot":22,"minecraft:cooked_chicken":5,"minecraft:ender_eye":7,"minecraft:glass_bottle":2,"minecraft:book":4,"minecraft:stick":2,"minecraft:jukebox":1,"minecraft:pumpkin":10,"minecraft:fermented_spider_eye":1,"minecraft:prismarine_crystals":2,"minecraft:music_disc_mall":2,"minecraft:diamond":19,"minecraft:golden_hoe":1,"minecraft:music_disc_ward":1,"minecraft:lever":1,"minecraft:chainmail_leggings":1,"minecraft:hay_block":9,"minecraft:gold_ingot":18,"minecraft:emerald":17,"minecraft:jack_o_lantern":14,"minecraft:obsidian":14,"minecraft:nether_star":1,"minecraft:ender_pearl":10},"minecraft:killed_by":{"minecraft:skeleton":1,"minecraft:creeper":1,"minecraft:zombie":1,"minecraft:wither":1}},"DataVersion":3465}