{"stats":{"minecraft:custom":{"minecraft:time_since_rest":13268,"minecraft:open_chest":8,"minecraft:play_time":13268,"minecraft:sprint_one_cm":9896,"minecraft:damage_taken":430,"minecraft:walk_one_cm":85727,"minecraft:sneak_time":9,"minecraft:mob_kills":3,"minecraft:jump":153,"minecraft:eat_cake_slice":1,"minecraft:damage_dealt":735,"minecraft:time_since_death":13268,"minecraft:total_world_time":13268,"minecraft:fall_one_cm":1910,"minecraft:fly_one_cm":21737},"minecraft:used":{"minecraft:cooked_chicken":2,"minecraft:diamond_sword":12,"minecraft:dirt":62,"minecraft:hay_block":9,"lucky:lucky_block":26,"minecraft:cooked_beef":1,"minecraft:jukebox":1,"minecraft:obsidian":14},"minecraft:mined":{"minecraft:hay_block":1,"minecraft:slime_block":3,"lucky:lucky_block":11},"minecraft:picked_up":{"minecraft:cooked_salmon":5,"minecraft:stick":1,"minecraft:music_disc_mall":1,"minecraft:jukebox":1,"minecraft:salmon":13,"minecraft:diamond_sword":1,"minecraft:music_disc_ward":1,"lucky:lucky_sword":1,"minecraft:hay_block":9,"minecraft:cooked_chicken":3,"minecraft:obsidian":14,"minecraft:dirt":69}},"DataVersion":3465}