{"stats":{"minecraft:custom":{"minecraft:inspect_dropper":2,"minecraft:interact_with_anvil":1,"minecraft:eat_cake_slice":8,"minecraft:leave_game":2,"minecraft:time_since_death":1118,"minecraft:sprint_one_cm":81346,"minecraft:walk_one_cm":208408,"minecraft:drop":93,"minecraft:sneak_time":94,"minecraft:play_time":43257,"minecraft:deaths":12,"minecraft:walk_under_water_one_cm":688,"minecraft:jump":270,"minecraft:walk_on_water_one_cm":2743,"minecraft:total_world_time":43257,"minecraft:time_since_rest":1143,"minecraft:open_enderchest":1,"minecraft:damage_taken":4582,"minecraft:damage_absorbed":80,"minecraft:damage_dealt":566,"minecraft:fly_one_cm":92608,"minecraft:open_chest":45,"minecraft:crouch_one_cm":205,"minecraft:fall_one_cm":4319},"minecraft:dropped":{"minecraft:iron_ingot":12,"minecraft:lapis_lazuli":8,"minecraft:golden_pickaxe":1,"minecraft:purple_glazed_terracotta":2,"minecraft:diamond":9,"lucky:lucky_block":368,"minecraft:diamond_leggings":1,"minecraft:prismarine_shard":2,"minecraft:golden_axe":1,"lucky:lucky_potion":1,"minecraft:apple":1,"minecraft:tropical_fish":1,"minecraft:mushroom_stew":1,"minecraft:music_disc_13":1,"minecraft:orange_glazed_terracotta":1,"minecraft:emerald":8,"minecraft:dirt":3,"minecraft:yellow_glazed_terracotta":2,"minecraft:cooked_salmon":4,"minecraft:gold_nugget":1,"minecraft:music_disc_ward":1,"minecraft:golden_hoe":1,"minecraft:blue_glazed_terracotta":2,"minecraft:magenta_glazed_terracotta":1,"minecraft:string":11,"minecraft:pink_glazed_terracotta":2,"minecraft:gold_ingot":12,"minecraft:red_glazed_terracotta":1,"minecraft:light_blue_glazed_terracotta":1,"minecraft:blaze_rod":3,"minecraft:bowl":2,"minecraft:rotten_flesh":6,"minecraft:cooked_mutton":2,"minecraft:salmon":16,"minecraft:rabbit_foot":6,"minecraft:chainmail_chestplate":1,"minecraft:filled_map":1,"minecraft:rabbit_hide":1,"minecraft:lime_glazed_terracotta":1,"minecraft:iron_chestplate":1,"minecraft:quartz_stairs":4,"minecraft:chainmail_boots":1,"minecraft:golden_sword":1,"minecraft:rabbit_stew":2,"minecraft:magma_cream":1,"lucky:lucky_sword":1,"minecraft:quartz_slab":18},"minecraft:used":{"minecraft:chest":13,"minecraft:cooked_salmon":1,"minecraft:iron_chestplate":1,"minecraft:dirt":23,"minecraft:anvil":1,"lucky:lucky_block":47,"minecraft:rabbit_stew":3,"minecraft:golden_sword":18,"minecraft:skeleton_skull":1,"lucky:lucky_potion":12,"minecraft:golden_axe":3,"minecraft:water_bucket":2,"minecraft:dropper":8,"minecraft:ender_pearl":2,"minecraft:golden_hoe":1,"minecraft:cod":2,"minecraft:cake":2,"minecraft:map":1,"minecraft:fishing_rod":2,"minecraft:wooden_sword":1,"minecraft:chainmail_boots":1,"minecraft:bucket":2,"minecraft:end_portal_frame":4,"minecraft:golden_pickaxe":15,"minecraft:diamond_leggings":2,"minecraft:splash_potion":1},"minecraft:mined":{"minecraft:purple_glazed_terracotta":1,"minecraft:light_blue_glazed_terracotta":1,"minecraft:iron_bars":2,"minecraft:blue_glazed_terracotta":1,"lucky:lucky_block":41,"minecraft:pink_glazed_terracotta":1,"minecraft:orange_glazed_terracotta":1,"minecraft:chest":1,"minecraft:glass":1,"minecraft:red_glazed_terracotta":1,"minecraft:lime_glazed_terracotta":1,"minecraft:magenta_glazed_terracotta":1,"minecraft:yellow_glazed_terracotta":1,"minecraft:dirt":3},"minecraft:picked_up":{"minecraft:magenta_glazed_terracotta":1,"minecraft:fishing_rod":1,"minecraft:iron_chestplate":5,"minecraft:chainmail_boots":3,"minecraft:splash_potion":2,"minecraft:chicken":12,"minecraft:nether_wart":4,"minecraft:anvil":1,"minecraft:prismarine_shard":2,"minecraft:rabbit_stew":16,"minecraft:golden_pickaxe":4,"minecraft:cooked_rabbit":16,"minecraft:enchanted_book":22,"minecraft:potion":10,"minecraft:golden_shovel":2,"minecraft:golden_sword":5,"lucky:lucky_potion":13,"minecraft:cooked_salmon":53,"minecraft:wooden_sword":4,"minecraft:orange_glazed_terracotta":2,"minecraft:quartz_slab":24,"minecraft:compass":3,"minecraft:pufferfish":6,"minecraft:diamond_leggings":5,"minecraft:gold_nugget":4,"lucky:lucky_sword":1,"minecraft:bucket":7,"minecraft:beef":5,"minecraft:ender_eye":10,"minecraft:quartz_stairs":8,"minecraft:chest":1,"minecraft:bowl":3,"minecraft:porkchop":1,"minecraft:golden_axe":4,"minecraft:cake":4,"minecraft:carrot":3,"minecraft:iron_horse_armor":1,"minecraft:rabbit_foot":18,"minecraft:blue_glazed_terracotta":2,"minecraft:rotten_flesh":9,"minecraft:quartz_block":19,"minecraft:arrow":57,"minecraft:diamond_chestplate":1,"minecraft:tropical_fish":2,"minecraft:pumpkin_pie":2,"minecraft:golden_hoe":5,"minecraft:music_disc_ward":3,"minecraft:pink_glazed_terracotta":2,"minecraft:gold_ingot":124,"minecraft:glistering_melon_slice":5,"minecraft:saddle":5,"minecraft:blaze_rod":15,"minecraft:mutton":3,"minecraft:cod":3,"minecraft:skeleton_skull":4,"minecraft:blaze_powder":7,"minecraft:feather":12,"minecraft:magma_cream":6,"minecraft:golden_carrot":6,"minecraft:salmon":58,"minecraft:leather":4,"minecraft:red_glazed_terracotta":2,"minecraft:end_portal_frame":4,"minecraft:potato":2,"minecraft:filled_map":2,"minecraft:mushroom_stew":3,"minecraft:chainmail_chestplate":4,"minecraft:yellow_glazed_terracotta":2,"minecraft:map":1,"minecraft:lapis_lazuli":32,"minecraft:dirt":115,"minecraft:paper":12,"minecraft:cooked_mutton":6,"minecraft:coast_armor_trim_smithing_template":6,"minecraft:bone":19,"minecraft:apple":3,"minecraft:rabbit_hide":1,"minecraft:iron_ingot":60,"minecraft:cooked_chicken":3,"minecraft:lime_glazed_terracotta":1,"minecraft:ghast_tear":5,"minecraft:milk_bucket":1,"minecraft:nether_quartz_ore":18,"minecraft:cooked_porkchop":2,"minecraft:music_disc_13":1,"minecraft:quartz":57,"minecraft:light_blue_glazed_terracotta":2,"minecraft:lava_bucket":1,"minecraft:dropper":8,"minecraft:melon":1,"minecraft:fermented_spider_eye":3,"minecraft:spider_eye":5,"minecraft:diamond":61,"minecraft:purple_glazed_terracotta":2,"minecraft:golden_apple":2,"minecraft:emerald":32,"minecraft:golden_horse_armor":5,"minecraft:bread":3,"minecraft:baked_potato":3,"minecraft:nether_star":5,"minecraft:ender_pearl":36},"minecraft:killed_by":{"minecraft:player":4,"minecraft:slime":1,"minecraft:rabbit":1,"minecraft:skeleton":1,"minecraft:zombie":2}},"DataVersion":3465}