{"stats":{"minecraft:custom":{"minecraft:jump":9,"minecraft:open_chest":20,"minecraft:time_since_rest":5956,"minecraft:crouch_one_cm":5,"minecraft:sprint_one_cm":2140,"minecraft:damage_dealt":20,"minecraft:walk_one_cm":9911,"minecraft:leave_game":1,"minecraft:play_time":6519,"minecraft:damage_taken":250,"minecraft:time_since_death":5569,"minecraft:deaths":1,"minecraft:sneak_time":80,"minecraft:total_world_time":6519,"minecraft:drop":6,"minecraft:fly_one_cm":3682},"minecraft:dropped":{"lucky:lucky_block":368},"minecraft:used":{"minecraft:chest":12},"minecraft:killed_by":{"minecraft:slime":1}},"DataVersion":3465}