{"stats":{"minecraft:custom":{"minecraft:time_since_rest":31,"minecraft:sprint_one_cm":12390,"minecraft:damage_taken":1324,"minecraft:walk_one_cm":60838,"minecraft:drop":9,"minecraft:damage_dealt":33,"minecraft:fly_one_cm":40932,"minecraft:open_chest":25,"minecraft:crouch_one_cm":132,"minecraft:play_time":18519,"minecraft:deaths":4,"minecraft:sneak_time":88,"minecraft:jump":72,"minecraft:eat_cake_slice":2,"minecraft:leave_game":1,"minecraft:time_since_death":0,"minecraft:total_world_time":18519,"minecraft:fall_one_cm":939},"minecraft:dropped":{"minecraft:rabbit_hide":1,"minecraft:bowl":1,"lucky:lucky_block":368,"minecraft:rabbit_stew":1},"minecraft:used":{"lucky:lucky_block":47,"minecraft:chest":12,"minecraft:rabbit_stew":2,"minecraft:dirt":16,"minecraft:cake":1,"minecraft:golden_pickaxe":1,"minecraft:diamond_leggings":1},"minecraft:mined":{"minecraft:dirt":2,"lucky:lucky_block":11},"minecraft:picked_up":{"minecraft:ghast_tear":3,"minecraft:iron_chestplate":1,"minecraft:chicken":12,"minecraft:magma_cream":1,"minecraft:nether_wart":1,"minecraft:rabbit_stew":7,"minecraft:golden_pickaxe":2,"minecraft:golden_shovel":2,"minecraft:golden_axe":2,"minecraft:cake":1,"minecraft:golden_sword":2,"minecraft:fermented_spider_eye":1,"minecraft:rabbit_foot":3,"minecraft:iron_horse_armor":1,"minecraft:spider_eye":1,"minecraft:dirt":34,"minecraft:golden_hoe":2,"minecraft:diamond_leggings":2,"minecraft:gold_nugget":1,"minecraft:rabbit_hide":1,"minecraft:ender_eye":2,"minecraft:glistering_melon_slice":1,"minecraft:blaze_rod":3,"minecraft:blaze_powder":1,"minecraft:ender_pearl":1},"minecraft:killed_by":{"minecraft:rabbit":1,"minecraft:slime":1,"minecraft:zombie":1}},"DataVersion":3465}