{"stats":{"minecraft:custom":{"minecraft:eat_cake_slice":3,"minecraft:leave_game":1,"minecraft:time_since_death":6770,"minecraft:time_since_rest":6812,"minecraft:sprint_one_cm":42905,"minecraft:open_enderchest":1,"minecraft:damage_taken":2242,"minecraft:walk_one_cm":121969,"minecraft:drop":86,"minecraft:damage_dealt":298,"minecraft:fly_one_cm":65511,"minecraft:open_chest":33,"minecraft:crouch_one_cm":205,"minecraft:play_time":30519,"minecraft:deaths":6,"minecraft:sneak_time":94,"minecraft:walk_under_water_one_cm":575,"minecraft:jump":178,"minecraft:walk_on_water_one_cm":2253,"minecraft:total_world_time":30519,"minecraft:fall_one_cm":2315},"minecraft:dropped":{"minecraft:red_glazed_terracotta":1,"minecraft:iron_ingot":12,"minecraft:light_blue_glazed_terracotta":1,"minecraft:lapis_lazuli":8,"minecraft:blaze_rod":3,"minecraft:purple_glazed_terracotta":2,"minecraft:golden_pickaxe":1,"minecraft:diamond":9,"lucky:lucky_block":368,"minecraft:bowl":2,"minecraft:diamond_leggings":1,"minecraft:prismarine_shard":2,"minecraft:golden_axe":1,"minecraft:rotten_flesh":3,"minecraft:apple":1,"minecraft:cooked_mutton":2,"minecraft:tropical_fish":1,"minecraft:salmon":16,"minecraft:rabbit_foot":6,"minecraft:music_disc_13":1,"minecraft:orange_glazed_terracotta":1,"minecraft:emerald":8,"minecraft:rabbit_hide":1,"minecraft:dirt":3,"minecraft:lime_glazed_terracotta":1,"minecraft:iron_chestplate":1,"minecraft:quartz_stairs":4,"minecraft:yellow_glazed_terracotta":2,"minecraft:cooked_salmon":4,"minecraft:chainmail_boots":1,"minecraft:golden_sword":1,"minecraft:music_disc_ward":1,"minecraft:golden_hoe":1,"minecraft:magenta_glazed_terracotta":1,"minecraft:rabbit_stew":1,"minecraft:blue_glazed_terracotta":2,"minecraft:magma_cream":1,"minecraft:string":11,"minecraft:pink_glazed_terracotta":2,"lucky:lucky_sword":1,"minecraft:quartz_slab":18,"minecraft:gold_ingot":12},"minecraft:used":{"minecraft:water_bucket":1,"minecraft:ender_pearl":1,"minecraft:chest":12,"minecraft:dirt":20,"minecraft:cod":2,"minecraft:cake":2,"lucky:lucky_block":47,"minecraft:fishing_rod":2,"minecraft:rabbit_stew":3,"minecraft:golden_sword":12,"minecraft:chainmail_boots":1,"minecraft:bucket":1,"minecraft:skeleton_skull":1,"minecraft:golden_axe":3,"minecraft:diamond_leggings":2,"minecraft:golden_pickaxe":15},"minecraft:mined":{"minecraft:purple_glazed_terracotta":1,"minecraft:chest":1,"minecraft:light_blue_glazed_terracotta":1,"minecraft:red_glazed_terracotta":1,"minecraft:lime_glazed_terracotta":1,"minecraft:magenta_glazed_terracotta":1,"minecraft:yellow_glazed_terracotta":1,"minecraft:iron_bars":2,"minecraft:dirt":3,"minecraft:blue_glazed_terracotta":1,"lucky:lucky_block":23,"minecraft:pink_glazed_terracotta":1,"minecraft:orange_glazed_terracotta":1},"minecraft:picked_up":{"minecraft:magenta_glazed_terracotta":1,"minecraft:fishing_rod":1,"minecraft:iron_chestplate":1,"minecraft:splash_potion":1,"minecraft:magma_cream":5,"minecraft:chainmail_boots":3,"minecraft:chicken":12,"minecraft:nether_wart":1,"minecraft:prismarine_shard":2,"minecraft:rabbit_stew":11,"minecraft:salmon":16,"minecraft:golden_pickaxe":4,"minecraft:red_glazed_terracotta":2,"minecraft:golden_shovel":2,"minecraft:yellow_glazed_terracotta":2,"minecraft:golden_sword":5,"minecraft:lapis_lazuli":16,"minecraft:dirt":60,"lucky:lucky_potion":13,"minecraft:cooked_salmon":8,"minecraft:quartz_slab":24,"minecraft:cooked_mutton":2,"minecraft:orange_glazed_terracotta":2,"minecraft:pufferfish":6,"minecraft:diamond_leggings":5,"minecraft:gold_nugget":1,"lucky:lucky_sword":1,"minecraft:rabbit_hide":1,"minecraft:iron_ingot":24,"minecraft:ender_eye":7,"minecraft:quartz_stairs":8,"minecraft:chest":1,"minecraft:lime_glazed_terracotta":1,"minecraft:ghast_tear":3,"minecraft:nether_quartz_ore":18,"minecraft:music_disc_13":1,"minecraft:quartz":30,"minecraft:bowl":3,"minecraft:light_blue_glazed_terracotta":2,"minecraft:golden_axe":4,"minecraft:cake":2,"minecraft:fermented_spider_eye":1,"minecraft:spider_eye":2,"minecraft:iron_horse_armor":1,"minecraft:rabbit_foot":18,"minecraft:diamond_chestplate":1,"minecraft:quartz_block":19,"minecraft:tropical_fish":2,"minecraft:rotten_flesh":6,"minecraft:diamond":18,"minecraft:blue_glazed_terracotta":2,"minecraft:purple_glazed_terracotta":2,"minecraft:pink_glazed_terracotta":2,"minecraft:golden_hoe":5,"minecraft:music_disc_ward":3,"minecraft:glistering_melon_slice":1,"minecraft:gold_ingot":24,"minecraft:emerald":16,"minecraft:blaze_rod":15,"minecraft:cod":3,"minecraft:skeleton_skull":2,"minecraft:blaze_powder":1,"minecraft:ender_pearl":3},"minecraft:killed_by":{"minecraft:rabbit":1,"minecraft:zombie":2,"minecraft:slime":1}},"DataVersion":3465}