{"stats":{"minecraft:killed":{"minecraft:witch":1},"minecraft:custom":{"minecraft:time_since_rest":32,"minecraft:sprint_one_cm":14355,"minecraft:damage_taken":1090,"minecraft:walk_one_cm":69330,"minecraft:mob_kills":1,"minecraft:drop":33,"minecraft:damage_dealt":816,"minecraft:fly_one_cm":46363,"minecraft:open_chest":17,"minecraft:crouch_one_cm":1681,"minecraft:deaths":3,"minecraft:play_time":13755,"minecraft:sneak_time":371,"minecraft:jump":160,"minecraft:eat_cake_slice":1,"minecraft:time_since_death":6,"minecraft:total_world_time":13755,"minecraft:fall_one_cm":2652},"minecraft:dropped":{"minecraft:enchanted_book":9,"minecraft:dirt":10,"minecraft:cooked_chicken":3,"minecraft:glass_bottle":2,"minecraft:jukebox":1,"minecraft:bowl":1,"minecraft:music_disc_mall":1,"minecraft:music_disc_ward":1,"minecraft:chainmail_helmet":2,"minecraft:white_wool":1,"minecraft:redstone":2},"minecraft:used":{"minecraft:diamond_shovel":27,"lucky:lucky_block":54,"minecraft:grass_block":2,"minecraft:chest":2,"minecraft:chainmail_helmet":1,"minecraft:cooked_chicken":1,"minecraft:dirt":43,"minecraft:potion":2,"minecraft:chainmail_boots":1,"minecraft:cooked_porkchop":2,"minecraft:trapped_chest":2,"minecraft:splash_potion":3},"minecraft:mined":{"minecraft:slime_block":2,"lucky:lucky_block":12},"minecraft:picked_up":{"minecraft:chainmail_boots":1,"minecraft:splash_potion":3,"minecraft:chicken":12,"minecraft:cooked_porkchop":62,"minecraft:jukebox":1,"minecraft:rabbit_stew":1,"minecraft:bowl":1,"minecraft:potion":2,"minecraft:enchanted_book":9,"lucky:lucky_block":369,"minecraft:redstone":2,"minecraft:dirt":53,"minecraft:cooked_mutton":2,"minecraft:music_disc_mall":1,"minecraft:diamond_shovel":3,"minecraft:bow":2,"minecraft:music_disc_ward":1,"minecraft:rabbit_hide":1,"minecraft:cooked_chicken":4,"minecraft:chainmail_helmet":2,"minecraft:skeleton_skull":1,"minecraft:white_wool":1,"minecraft:diamond_hoe":2},"minecraft:killed_by":{"minecraft:rabbit":1,"minecraft:zombie":1}},"DataVersion":3465}