{"stats":{"minecraft:killed":{"minecraft:witch":1,"minecraft:endermite":1,"minecraft:skeleton":1,"minecraft:skeleton_horse":2,"minecraft:cat":1,"minecraft:bat":1,"minecraft:zombie":9,"minecraft:villager":1},"minecraft:crafted":{"minecraft:diamond_axe":1,"minecraft:air":0},"minecraft:custom":{"minecraft:mob_kills":18,"minecraft:eat_cake_slice":5,"minecraft:leave_game":1,"minecraft:time_since_death":1497,"minecraft:sprint_one_cm":70552,"minecraft:walk_one_cm":227353,"minecraft:drop":368,"minecraft:talked_to_villager":1,"minecraft:play_time":39058,"minecraft:deaths":12,"minecraft:sneak_time":889,"minecraft:jump":616,"minecraft:walk_on_water_one_cm":5637,"minecraft:total_world_time":39058,"minecraft:traded_with_villager":1,"minecraft:time_since_rest":1520,"minecraft:open_enderchest":2,"minecraft:damage_taken":4502,"minecraft:damage_dealt":3300,"minecraft:interact_with_beacon":1,"minecraft:fly_one_cm":141946,"minecraft:player_kills":3,"minecraft:open_chest":18,"minecraft:crouch_one_cm":4339,"minecraft:fall_one_cm":15046,"minecraft:horse_one_cm":28672},"minecraft:dropped":{"minecraft:enchanted_book":9,"minecraft:water_bucket":1,"minecraft:iron_ingot":6,"minecraft:cooked_beef":33,"minecraft:golden_pickaxe":2,"minecraft:glass_bottle":2,"minecraft:ender_pearl":2,"minecraft:diamond":1,"minecraft:nether_star":3,"minecraft:poisonous_potato":11,"minecraft:prismarine_shard":2,"minecraft:golden_axe":3,"minecraft:prismarine_crystals":1,"minecraft:leather":3,"minecraft:acacia_log":2,"minecraft:chainmail_helmet":2,"minecraft:stick":1,"minecraft:emerald":4,"minecraft:dirt":15,"minecraft:milk_bucket":2,"minecraft:coast_armor_trim_smithing_template":2,"minecraft:gold_nugget":1,"minecraft:music_disc_ward":1,"minecraft:bone_meal":6,"minecraft:golden_hoe":1,"minecraft:string":4,"minecraft:fermented_spider_eye":3,"minecraft:white_wool":1,"minecraft:bucket":3,"minecraft:gold_ingot":1,"minecraft:bone":8,"minecraft:redstone":2,"minecraft:red_glazed_terracotta":1,"minecraft:cooked_chicken":3,"minecraft:nether_wart":1,"minecraft:blaze_rod":3,"minecraft:jukebox":1,"minecraft:bowl":9,"minecraft:chicken":12,"minecraft:rotten_flesh":12,"minecraft:slime_block":17,"minecraft:golden_shovel":1,"minecraft:salmon":3,"minecraft:chainmail_chestplate":1,"minecraft:diamond_sword":2,"minecraft:potato":47,"minecraft:skeleton_skull":3,"minecraft:quartz_block":18,"minecraft:quartz_stairs":5,"minecraft:music_disc_mall":1,"minecraft:golden_sword":1,"minecraft:spider_eye":5,"minecraft:bow":1,"minecraft:arrow":2,"minecraft:beef":1,"minecraft:nether_quartz_ore":21,"minecraft:magma_cream":1,"minecraft:quartz":50,"lucky:lucky_sword":2,"minecraft:quartz_slab":6},"minecraft:used":{"minecraft:jack_o_lantern":14,"minecraft:chest":2,"minecraft:ender_chest":2,"minecraft:cooked_chicken":1,"minecraft:iron_chestplate":2,"minecraft:dragon_egg":1,"minecraft:dirt":115,"minecraft:chainmail_chestplate":1,"minecraft:lava_bucket":2,"lucky:lucky_block":55,"minecraft:grass_block":2,"minecraft:slime_block":44,"minecraft:quartz_block":9,"minecraft:diamond_chestplate":1,"minecraft:rabbit_stew":5,"minecraft:bow":12,"minecraft:trapped_chest":2,"lucky:lucky_potion":1,"minecraft:pumpkin":10,"minecraft:lime_glazed_terracotta":1,"minecraft:water_bucket":6,"minecraft:diamond_boots":1,"minecraft:baked_potato":8,"minecraft:ender_pearl":1,"minecraft:chainmail_helmet":2,"lucky:lucky_sword":9,"minecraft:beacon":1,"minecraft:diamond_axe":24,"minecraft:ender_eye":5,"minecraft:apple":1,"minecraft:diamond_shovel":30,"minecraft:wooden_sword":37,"minecraft:potion":2,"minecraft:chainmail_boots":1,"minecraft:cooked_porkchop":2,"minecraft:bucket":6,"minecraft:magenta_glazed_terracotta":1,"minecraft:diamond_leggings":1,"minecraft:splash_potion":4},"minecraft:mined":{"minecraft:fire":1,"lucky:lucky_block":37,"minecraft:glass":5,"minecraft:slime_block":49},"minecraft:picked_up":{"minecraft:magenta_glazed_terracotta":1,"minecraft:iron_chestplate":2,"minecraft:chicken":24,"minecraft:chainmail_boots":1,"minecraft:splash_potion":4,"minecraft:ender_chest":2,"minecraft:nether_wart":1,"minecraft:prismarine_shard":2,"minecraft:rabbit_stew":7,"minecraft:golden_pickaxe":2,"minecraft:diamond_sword":4,"minecraft:potion":2,"minecraft:enchanted_book":9,"minecraft:golden_shovel":1,"minecraft:golden_sword":1,"minecraft:string":6,"lucky:lucky_potion":1,"minecraft:cooked_salmon":4,"minecraft:wooden_sword":2,"minecraft:quartz_slab":6,"minecraft:diamond_leggings":1,"minecraft:gold_nugget":2,"lucky:lucky_sword":5,"minecraft:bucket":2,"minecraft:beef":1,"minecraft:ender_eye":5,"minecraft:quartz_stairs":5,"minecraft:diamond_hoe":2,"minecraft:stick":1,"minecraft:jukebox":1,"minecraft:acacia_log":2,"minecraft:bowl":6,"minecraft:golden_axe":3,"minecraft:redstone":2,"minecraft:prismarine_crystals":1,"minecraft:diamond_chestplate":1,"minecraft:quartz_block":27,"minecraft:arrow":50,"minecraft:rotten_flesh":12,"minecraft:golden_hoe":1,"minecraft:music_disc_ward":1,"minecraft:diamond_boots":1,"minecraft:hay_block":4,"minecraft:gold_ingot":19,"minecraft:blaze_rod":3,"minecraft:white_wool":1,"minecraft:skeleton_skull":4,"minecraft:cooked_beef":157,"minecraft:magma_cream":1,"minecraft:water_bucket":2,"minecraft:salmon":3,"minecraft:leather":3,"minecraft:red_glazed_terracotta":1,"minecraft:beacon":1,"minecraft:potato":47,"minecraft:chainmail_chestplate":1,"lucky:lucky_block":370,"minecraft:dirt":311,"minecraft:cooked_mutton":2,"minecraft:coast_armor_trim_smithing_template":2,"minecraft:bone":8,"minecraft:apple":1,"minecraft:bow":4,"minecraft:rabbit_hide":1,"minecraft:iron_ingot":46,"minecraft:cooked_chicken":4,"minecraft:lime_glazed_terracotta":1,"minecraft:nether_quartz_ore":21,"minecraft:milk_bucket":2,"minecraft:cooked_porkchop":62,"minecraft:pumpkin":10,"minecraft:quartz":50,"minecraft:poisonous_potato":11,"minecraft:lava_bucket":2,"minecraft:fermented_spider_eye":3,"minecraft:spider_eye":5,"minecraft:dragon_egg":1,"minecraft:music_disc_mall":1,"minecraft:diamond_shovel":5,"minecraft:diamond":24,"minecraft:slime_block":61,"minecraft:diamond_axe":1,"minecraft:bone_meal":6,"minecraft:chainmail_helmet":3,"minecraft:emerald":52,"minecraft:baked_potato":29,"minecraft:jack_o_lantern":14,"minecraft:nether_star":3,"minecraft:ender_pearl":23},"minecraft:killed_by":{"minecraft:player":1,"minecraft:creeper":1,"minecraft:rabbit":1,"minecraft:skeleton":1,"minecraft:zombie":2}},"DataVersion":3465}