{"stats":{"minecraft:killed":{"minecraft:witch":1,"minecraft:zombie":1,"minecraft:skeleton_horse":2},"minecraft:custom":{"minecraft:mob_kills":5,"minecraft:eat_cake_slice":1,"minecraft:time_since_death":1686,"minecraft:time_since_rest":1708,"minecraft:sprint_one_cm":40658,"minecraft:open_enderchest":2,"minecraft:damage_taken":3111,"minecraft:walk_one_cm":132695,"minecraft:drop":137,"minecraft:damage_dealt":1124,"minecraft:interact_with_beacon":1,"minecraft:fly_one_cm":92361,"minecraft:open_chest":18,"minecraft:crouch_one_cm":2007,"minecraft:play_time":25755,"minecraft:deaths":7,"minecraft:sneak_time":455,"minecraft:jump":382,"minecraft:walk_on_water_one_cm":4351,"minecraft:total_world_time":25755,"minecraft:fall_one_cm":9251},"minecraft:dropped":{"minecraft:enchanted_book":9,"minecraft:red_glazed_terracotta":1,"minecraft:cooked_chicken":3,"minecraft:cooked_beef":33,"minecraft:nether_wart":1,"minecraft:blaze_rod":3,"minecraft:golden_pickaxe":1,"minecraft:jukebox":1,"minecraft:glass_bottle":2,"minecraft:nether_star":2,"minecraft:bowl":9,"minecraft:prismarine_shard":2,"minecraft:chicken":12,"minecraft:golden_axe":2,"minecraft:prismarine_crystals":1,"minecraft:rotten_flesh":3,"minecraft:slime_block":16,"minecraft:leather":3,"minecraft:golden_shovel":1,"minecraft:chainmail_helmet":2,"minecraft:salmon":3,"minecraft:stick":1,"minecraft:diamond_sword":1,"minecraft:dirt":15,"minecraft:music_disc_mall":1,"minecraft:golden_sword":1,"minecraft:music_disc_ward":1,"minecraft:golden_hoe":1,"minecraft:magma_cream":1,"lucky:lucky_sword":2,"minecraft:white_wool":1,"minecraft:redstone":2},"minecraft:used":{"minecraft:jack_o_lantern":14,"minecraft:ender_pearl":1,"minecraft:chest":2,"minecraft:ender_chest":2,"minecraft:chainmail_helmet":2,"minecraft:beacon":1,"lucky:lucky_sword":9,"minecraft:cooked_chicken":1,"minecraft:iron_chestplate":1,"minecraft:dirt":82,"minecraft:diamond_shovel":30,"lucky:lucky_block":54,"minecraft:grass_block":2,"minecraft:rabbit_stew":5,"minecraft:bow":9,"minecraft:potion":2,"minecraft:chainmail_boots":1,"minecraft:cooked_porkchop":2,"minecraft:magenta_glazed_terracotta":1,"minecraft:trapped_chest":2,"minecraft:pumpkin":10,"minecraft:splash_potion":3,"minecraft:lime_glazed_terracotta":1},"minecraft:mined":{"minecraft:glass":4,"minecraft:slime_block":2,"lucky:lucky_block":24},"minecraft:picked_up":{"minecraft:magenta_glazed_terracotta":1,"minecraft:iron_chestplate":1,"minecraft:ender_chest":2,"minecraft:magma_cream":1,"minecraft:splash_potion":3,"minecraft:cooked_beef":157,"minecraft:chainmail_boots":1,"minecraft:chicken":24,"minecraft:nether_wart":1,"minecraft:prismarine_shard":2,"minecraft:salmon":3,"minecraft:rabbit_stew":6,"minecraft:golden_pickaxe":1,"minecraft:leather":3,"minecraft:red_glazed_terracotta":1,"minecraft:diamond_sword":3,"minecraft:beacon":1,"minecraft:enchanted_book":9,"minecraft:potion":2,"minecraft:golden_shovel":1,"minecraft:golden_sword":1,"lucky:lucky_block":369,"minecraft:dirt":181,"minecraft:cooked_salmon":4,"minecraft:cooked_mutton":2,"minecraft:apple":1,"minecraft:bow":3,"lucky:lucky_sword":5,"minecraft:rabbit_hide":1,"minecraft:cooked_chicken":4,"minecraft:lime_glazed_terracotta":1,"minecraft:diamond_hoe":2,"minecraft:stick":1,"minecraft:cooked_porkchop":62,"minecraft:jukebox":1,"minecraft:pumpkin":10,"minecraft:bowl":6,"minecraft:golden_axe":2,"minecraft:redstone":2,"minecraft:prismarine_crystals":1,"minecraft:diamond_shovel":5,"minecraft:music_disc_mall":1,"minecraft:arrow":30,"minecraft:rotten_flesh":3,"minecraft:slime_block":16,"minecraft:golden_hoe":1,"minecraft:music_disc_ward":1,"minecraft:chainmail_helmet":3,"minecraft:jack_o_lantern":14,"minecraft:blaze_rod":3,"minecraft:nether_star":2,"minecraft:skeleton_skull":1,"minecraft:white_wool":1,"minecraft:ender_pearl":2},"minecraft:killed_by":{"minecraft:player":1,"minecraft:rabbit":1,"minecraft:creeper":1,"minecraft:zombie":1}},"DataVersion":3465}